{"cameraMode":{"drawMode":0,"name":"Shaded","section":"Shading Mode"},"sceneLighting":true,"audioPlay":false,"sceneViewState":{"showFog":true,"showMaterialUpdate":false,"showSkybox":true,"showFlares":true,"showImageEffects":true,"showParticleSystems":true},"in2DMode":false,"pivot":{"x":-18.830322265625,"y":7.5327277183532719,"z":48.62853240966797},"rotation":{"x":-0.06624104082584381,"y":0.02454059012234211,"z":-0.0016296926187351347,"w":-0.9975010752677918},"size":17.142824172973634,"orthographic":false}