{"cameraMode":{"drawMode":0,"name":"Shaded","section":"Shading Mode"},"sceneLighting":false,"audioPlay":false,"sceneViewState":{"showFog":true,"showMaterialUpdate":false,"showSkybox":false,"showFlares":true,"showImageEffects":true,"showParticleSystems":true},"in2DMode":false,"pivot":{"x":-0.004276394844055176,"y":0.525822639465332,"z":0.07335877418518067},"rotation":{"x":0.12945517897605897,"y":0.17893525958061219,"z":-0.023757264018058778,"w":0.9750188589096069},"size":2.63108491897583,"orthographic":false}