{"cameraMode":{"drawMode":0,"name":"Shaded","section":"Shading Mode"},"sceneLighting":false,"audioPlay":false,"sceneViewState":{"showFog":true,"showMaterialUpdate":false,"showSkybox":true,"showFlares":true,"showImageEffects":true,"showParticleSystems":true},"in2DMode":false,"pivot":{"x":-5.735379219055176,"y":112.36115264892578,"z":-98.10291290283203},"rotation":{"x":0.14409227669239045,"y":-0.01559535413980484,"z":0.002005357062444091,"w":0.9895130395889282},"size":2.330418109893799,"orthographic":false}