{"cameraMode":{"drawMode":0,"name":"Shaded","section":"Shading Mode"},"sceneLighting":true,"audioPlay":false,"sceneViewState":{"showFog":true,"showMaterialUpdate":false,"showSkybox":true,"showFlares":true,"showImageEffects":true,"showParticleSystems":true},"in2DMode":false,"pivot":{"x":-18.82162094116211,"y":11.247201919555664,"z":50.47174072265625},"rotation":{"x":-0.04079333692789078,"y":0.015583494678139687,"z":-0.0006363690481521189,"w":-0.9990453124046326},"size":21.13037109375,"orthographic":false}